<?xml version="1.0" encoding="UTF-8"?>
<install version="1.0" type="plugin" group="payment">
	<name>os_barcode</name>
	<title>歐付寶超商條碼</title>	
	<author>歐付寶ALLPAY</author>
	<creationDate>2013-07-17</creationDate>
	<copyright>Copyright 歐付寶ALLPAY</copyright>
	<authorEmail>gomosqa@sunup.net</authorEmail>
	<authorUrl>www.allpay.com.tw</authorUrl>
	<version>1.0</version>
	<description>os_barcode Payment Plugin For Joom Donation Extension</description>	
	<config>
		<fields name="params">
			<fieldset name="basic" addfieldpath="/administrator/components/com_jdonation/elements">		
				
                <field name="merid" type="text" size="40" label="ECBANK商店代號" description="Enter your ecbankid" default=""></field>
                <field name="enc_key" type="text" size="40" label="ECBANK私鑰" description="Enter your key" default=""></field>				
			</fieldset>	
		</fields>
	</config>
	<files>
	    <filename plugin="os_barcode">os_barcode.php</filename>
	    <filename>os_barcode_reponse.php</filename>
	</files>	
	<installsql />
	<installfile />	
</install>