<?xml version="1.0" encoding="UTF-8" ?>
<install version="1.5" type="plugin" group="vmpayment" >
    <name>VM - Payment Ecbank barcode</name>
    <creationDate>April 2012</creationDate>
    <author>kenny</author>
    <authorUrl>http://www.ecbank.com.tw</authorUrl>
    <copyright>Copyright (C) 2012 kenny. All rights reserved.</copyright>
    <license>http://www.gnu.org/licenses/gpl-3.0.html GNU/GPL</license>
    <version>1.0.3</version>
    <description>Ecbank barcode payment plugin</description>
    <languages>
	<language tag="en-GB">en-GB.plg_vmpayment_barcode.ini</language>
	<language tag="en-GB">en-GB.plg_vmpayment_barcode.sys.ini</language>
	<language tag="zh-TW">zh-TW.plg_vmpayment_barcode.ini</language>
	<language tag="zh-TW">zh-TW.plg_vmpayment_barcode.sys.ini</language>
    </languages>
    <files>
	<filename plugin="barcode">barcode.php</filename>
	<filename>response.php</filename>
	<filename>index.html</filename>
    </files>
    <params addpath="/administrator/components/com_virtuemart/elements">
	<param type="vmjpluginwarning" />
	<param name="mer_id" type="text"  label="VMPAYMENT_BARCODE_MER_ID" description="VMPAYMENT_BARCODE_MER_ID_EXPLAIN" />
	<param name="keys" type="text"  label="VMPAYMENT_BARCODE_KEYS" description="VMPAYMENT_BARCODE_KEYS_EXPLAIN" />
	<param name="i_invoice" type="radio" default="no" label="VMPAYMENT_BARCODE_I_INVOICE" description="VMPAYMENT_BARCODE_I_INVOICE_DESC">
	    <option value="yes">VMPAYMENT_BARCODE_I_INVOICE_YES</option>
	    <option value="no">VMPAYMENT_BARCODE_I_INVOICE_NO</option>
	</param>
	<param name="imer_id" type="text"  label="VMPAYMENT_BARCODE_IMER_ID" description="VMPAYMENT_BARCODE_IMER_ID_EXPLAIN" />	
	<param name="delay" type="text"  label="VMPAYMENT_BARCODE_DELAY" description="VMPAYMENT_BARCODE_DELAY_EXPLAIN" />		
	</params>
</install>
