<?xml version="1.0" encoding="utf-8"?>
<!DOCTYPE install SYSTEM "http://dev.joomla.org/xml/1.5/plugin-install.dtd">
<install type="plugin" version="1.5" method="upgrade" group="hikashoppayment">
	<name>Ecbank ecpay6 Payment Plugin</name>
	<creationDate>July 2012</creationDate>
	<version>1.0.0</version>
	<author>Roger</author>
	<authorEmail>nba731129@yahoo.com.tw</authorEmail>
	<authorUrl>http://roger.sunup.net</authorUrl>
	<copyright>Copyright (C) 2010 roger SOFTWARE SARL - All rights reserved.</copyright>
	<license>http://www.gnu.org/licenses/gpl-2.0.html GNU/GPL</license>
	<description>This plugin enables you to setup your Ecbank ecpay6 payment system</description>
	<files>
		<filename plugin="gwecpay6">gwecpay6.php</filename>
		<filename>gwecpay6_configuration.php</filename>
		<filename>gwecpay6_end.php</filename>
		<filename>response.php</filename>
		<filename>index.html</filename>	
	</files>
	<params addpath="/components/com_hikashop/params">
		<param name="pluginoptions" type="pluginoptions" default="plugin" label="hikashop" description="HikaShop options" />
	</params>
	<config>
		<fields name="params" addfieldpath="/components/com_hikashop/fields">
			<fieldset name="basic">
				<field
                        id="pluginoptions"
                        name="pluginoptions"
                        type="pluginoptions"
                        label="hikashop"
                        description="HikaShop options"
                />
            </fieldset>
		</fields>
	</config>
</install>