<?xml version="1.0" encoding="UTF-8"?>
<install version="1.0" type="plugin" group="payment">
	<name>os_allpay</name>
	<title>歐付寶線上刷卡</title>	
	<author>歐付寶ALLPAY</author>
	<creationDate>2013-07-17</creationDate>
	<copyright>Copyright 歐付寶ALLPAY</copyright>
	<authorEmail>gomosqa@sunup.net</authorEmail>
	<authorUrl>www.allpay.com.tw</authorUrl>
	<version>1.0</version>
	<description>os_allpay Payment Plugin For Joom Donation Extension</description>	
	<config>
		<fields name="params">
			<fieldset name="basic" addfieldpath="/administrator/components/com_jdonation/elements">		
				<field name="allpay" type="text" size="40" label="歐付寶商店代號" description="Enter your ecpay_id" default=""></field>
                <field name="allpay_key" type="text" size="40" label="歐付寶商家檢查碼" description="Enter your key" default=""></field>
                <field name="merid" type="text" size="40" label="ECBANK商店代號(定期定額使用)" description="Enter your ecbankid" default=""></field>
                <field name="enc_key" type="text" size="40" label="ECBANK私鑰" description="Enter your key" default=""></field>				
			</fieldset>	
		</fields>
	</config>
	<files>
	    <filename plugin="os_allpay">os_allpay.php</filename>
	    <filename>os_allpay_reponse.php</filename>
	</files>	
	<installsql />
	<installfile />	
</install>